sku_id,name,category,unit_cost,lead_time_days,lead_time_std_days,service_level,current_stock,month,quantity
SKU-001,냉동 연어 필렛,냉동식품,52.0,35.95,8.7,0.96,32,2024-01-01,274
SKU-001,냉동 연어 필렛,냉동식품,52.0,35.95,8.7,0.96,32,2024-02-01,332
SKU-001,냉동 연어 필렛,냉동식품,52.0,35.95,8.7,0.96,32,2024-03-01,401
SKU-001,냉동 연어 필렛,냉동식품,52.0,35.95,8.7,0.96,32,2024-04-01,422
SKU-001,냉동 연어 필렛,냉동식품,52.0,35.95,8.7,0.96,32,2024-05-01,424
SKU-001,냉동 연어 필렛,냉동식품,52.0,35.95,8.7,0.96,32,2024-06-01,409
SKU-001,냉동 연어 필렛,냉동식품,52.0,35.95,8.7,0.96,32,2024-07-01,425
SKU-001,냉동 연어 필렛,냉동식품,52.0,35.95,8.7,0.96,32,2024-08-01,331
SKU-001,냉동 연어 필렛,냉동식품,52.0,35.95,8.7,0.96,32,2024-09-01,266
SKU-001,냉동 연어 필렛,냉동식품,52.0,35.95,8.7,0.96,32,2024-10-01,215
SKU-001,냉동 연어 필렛,냉동식품,52.0,35.95,8.7,0.96,32,2024-11-01,218
SKU-001,냉동 연어 필렛,냉동식품,52.0,35.95,8.7,0.96,32,2024-12-01,206
SKU-001,냉동 연어 필렛,냉동식품,52.0,35.95,8.7,0.96,32,2025-01-01,265
SKU-001,냉동 연어 필렛,냉동식품,52.0,35.95,8.7,0.96,32,2025-02-01,301
SKU-001,냉동 연어 필렛,냉동식품,52.0,35.95,8.7,0.96,32,2025-03-01,338
SKU-001,냉동 연어 필렛,냉동식품,52.0,35.95,8.7,0.96,32,2025-04-01,455
SKU-001,냉동 연어 필렛,냉동식품,52.0,35.95,8.7,0.96,32,2025-05-01,463
SKU-001,냉동 연어 필렛,냉동식품,52.0,35.95,8.7,0.96,32,2025-06-01,429
SKU-001,냉동 연어 필렛,냉동식품,52.0,35.95,8.7,0.96,32,2025-07-01,331
SKU-001,냉동 연어 필렛,냉동식품,52.0,35.95,8.7,0.96,32,2025-08-01,328
SKU-001,냉동 연어 필렛,냉동식품,52.0,35.95,8.7,0.96,32,2025-09-01,237
SKU-001,냉동 연어 필렛,냉동식품,52.0,35.95,8.7,0.96,32,2025-10-01,242
SKU-001,냉동 연어 필렛,냉동식품,52.0,35.95,8.7,0.96,32,2025-11-01,189
SKU-001,냉동 연어 필렛,냉동식품,52.0,35.95,8.7,0.96,32,2025-12-01,244
SKU-002,프리미엄 코코아 원두,분말원료,69.55,36.52,8.92,0.96,36,2024-01-01,212
SKU-002,프리미엄 코코아 원두,분말원료,69.55,36.52,8.92,0.96,36,2024-02-01,249
SKU-002,프리미엄 코코아 원두,분말원료,69.55,36.52,8.92,0.96,36,2024-03-01,422
SKU-002,프리미엄 코코아 원두,분말원료,69.55,36.52,8.92,0.96,36,2024-04-01,433
SKU-002,프리미엄 코코아 원두,분말원료,69.55,36.52,8.92,0.96,36,2024-05-01,418
SKU-002,프리미엄 코코아 원두,분말원료,69.55,36.52,8.92,0.96,36,2024-06-01,344
SKU-002,프리미엄 코코아 원두,분말원료,69.55,36.52,8.92,0.96,36,2024-07-01,209
SKU-002,프리미엄 코코아 원두,분말원료,69.55,36.52,8.92,0.96,36,2024-08-01,117
SKU-002,프리미엄 코코아 원두,분말원료,69.55,36.52,8.92,0.96,36,2024-09-01,66
SKU-002,프리미엄 코코아 원두,분말원료,69.55,36.52,8.92,0.96,36,2024-10-01,88
SKU-002,프리미엄 코코아 원두,분말원료,69.55,36.52,8.92,0.96,36,2024-11-01,99
SKU-002,프리미엄 코코아 원두,분말원료,69.55,36.52,8.92,0.96,36,2024-12-01,137
SKU-002,프리미엄 코코아 원두,분말원료,69.55,36.52,8.92,0.96,36,2025-01-01,209
SKU-002,프리미엄 코코아 원두,분말원료,69.55,36.52,8.92,0.96,36,2025-02-01,271
SKU-002,프리미엄 코코아 원두,분말원료,69.55,36.52,8.92,0.96,36,2025-03-01,337
SKU-002,프리미엄 코코아 원두,분말원료,69.55,36.52,8.92,0.96,36,2025-04-01,410
SKU-002,프리미엄 코코아 원두,분말원료,69.55,36.52,8.92,0.96,36,2025-05-01,377
SKU-002,프리미엄 코코아 원두,분말원료,69.55,36.52,8.92,0.96,36,2025-06-01,248
SKU-002,프리미엄 코코아 원두,분말원료,69.55,36.52,8.92,0.96,36,2025-07-01,228
SKU-002,프리미엄 코코아 원두,분말원료,69.55,36.52,8.92,0.96,36,2025-08-01,145
SKU-002,프리미엄 코코아 원두,분말원료,69.55,36.52,8.92,0.96,36,2025-09-01,120
SKU-002,프리미엄 코코아 원두,분말원료,69.55,36.52,8.92,0.96,36,2025-10-01,85
SKU-002,프리미엄 코코아 원두,분말원료,69.55,36.52,8.92,0.96,36,2025-11-01,139
SKU-002,프리미엄 코코아 원두,분말원료,69.55,36.52,8.92,0.96,36,2025-12-01,146
SKU-003,아라비카 커피 생두,오일·소스,82.55,39.03,7.96,0.96,21,2024-01-01,0
SKU-003,아라비카 커피 생두,오일·소스,82.55,39.03,7.96,0.96,21,2024-02-01,0
SKU-003,아라비카 커피 생두,오일·소스,82.55,39.03,7.96,0.96,21,2024-03-01,0
SKU-003,아라비카 커피 생두,오일·소스,82.55,39.03,7.96,0.96,21,2024-04-01,1037
SKU-003,아라비카 커피 생두,오일·소스,82.55,39.03,7.96,0.96,21,2024-05-01,0
SKU-003,아라비카 커피 생두,오일·소스,82.55,39.03,7.96,0.96,21,2024-06-01,0
SKU-003,아라비카 커피 생두,오일·소스,82.55,39.03,7.96,0.96,21,2024-07-01,139
SKU-003,아라비카 커피 생두,오일·소스,82.55,39.03,7.96,0.96,21,2024-08-01,82
SKU-003,아라비카 커피 생두,오일·소스,82.55,39.03,7.96,0.96,21,2024-09-01,33
SKU-003,아라비카 커피 생두,오일·소스,82.55,39.03,7.96,0.96,21,2024-10-01,60
SKU-003,아라비카 커피 생두,오일·소스,82.55,39.03,7.96,0.96,21,2024-11-01,0
SKU-003,아라비카 커피 생두,오일·소스,82.55,39.03,7.96,0.96,21,2024-12-01,72
SKU-003,아라비카 커피 생두,오일·소스,82.55,39.03,7.96,0.96,21,2025-01-01,0
SKU-003,아라비카 커피 생두,오일·소스,82.55,39.03,7.96,0.96,21,2025-02-01,0
SKU-003,아라비카 커피 생두,오일·소스,82.55,39.03,7.96,0.96,21,2025-03-01,407
SKU-003,아라비카 커피 생두,오일·소스,82.55,39.03,7.96,0.96,21,2025-04-01,0
SKU-003,아라비카 커피 생두,오일·소스,82.55,39.03,7.96,0.96,21,2025-05-01,0
SKU-003,아라비카 커피 생두,오일·소스,82.55,39.03,7.96,0.96,21,2025-06-01,838
SKU-003,아라비카 커피 생두,오일·소스,82.55,39.03,7.96,0.96,21,2025-07-01,231
SKU-003,아라비카 커피 생두,오일·소스,82.55,39.03,7.96,0.96,21,2025-08-01,0
SKU-003,아라비카 커피 생두,오일·소스,82.55,39.03,7.96,0.96,21,2025-09-01,192
SKU-003,아라비카 커피 생두,오일·소스,82.55,39.03,7.96,0.96,21,2025-10-01,107
SKU-003,아라비카 커피 생두,오일·소스,82.55,39.03,7.96,0.96,21,2025-11-01,67
SKU-003,아라비카 커피 생두,오일·소스,82.55,39.03,7.96,0.96,21,2025-12-01,256
SKU-004,비건 단백질 파우더,견과·곡물,83.2,35.16,9.11,0.96,19,2024-01-01,161
SKU-004,비건 단백질 파우더,견과·곡물,83.2,35.16,9.11,0.96,19,2024-02-01,201
SKU-004,비건 단백질 파우더,견과·곡물,83.2,35.16,9.11,0.96,19,2024-03-01,226
SKU-004,비건 단백질 파우더,견과·곡물,83.2,35.16,9.11,0.96,19,2024-04-01,272
SKU-004,비건 단백질 파우더,견과·곡물,83.2,35.16,9.11,0.96,19,2024-05-01,273
SKU-004,비건 단백질 파우더,견과·곡물,83.2,35.16,9.11,0.96,19,2024-06-01,275
SKU-004,비건 단백질 파우더,견과·곡물,83.2,35.16,9.11,0.96,19,2024-07-01,220
SKU-004,비건 단백질 파우더,견과·곡물,83.2,35.16,9.11,0.96,19,2024-08-01,187
SKU-004,비건 단백질 파우더,견과·곡물,83.2,35.16,9.11,0.96,19,2024-09-01,171
SKU-004,비건 단백질 파우더,견과·곡물,83.2,35.16,9.11,0.96,19,2024-10-01,148
SKU-004,비건 단백질 파우더,견과·곡물,83.2,35.16,9.11,0.96,19,2024-11-01,137
SKU-004,비건 단백질 파우더,견과·곡물,83.2,35.16,9.11,0.96,19,2024-12-01,139
SKU-004,비건 단백질 파우더,견과·곡물,83.2,35.16,9.11,0.96,19,2025-01-01,164
SKU-004,비건 단백질 파우더,견과·곡물,83.2,35.16,9.11,0.96,19,2025-02-01,190
SKU-004,비건 단백질 파우더,견과·곡물,83.2,35.16,9.11,0.96,19,2025-03-01,229
SKU-004,비건 단백질 파우더,견과·곡물,83.2,35.16,9.11,0.96,19,2025-04-01,250
SKU-004,비건 단백질 파우더,견과·곡물,83.2,35.16,9.11,0.96,19,2025-05-01,289
SKU-004,비건 단백질 파우더,견과·곡물,83.2,35.16,9.11,0.96,19,2025-06-01,259
SKU-004,비건 단백질 파우더,견과·곡물,83.2,35.16,9.11,0.96,19,2025-07-01,223
SKU-004,비건 단백질 파우더,견과·곡물,83.2,35.16,9.11,0.96,19,2025-08-01,221
SKU-004,비건 단백질 파우더,견과·곡물,83.2,35.16,9.11,0.96,19,2025-09-01,169
SKU-004,비건 단백질 파우더,견과·곡물,83.2,35.16,9.11,0.96,19,2025-10-01,152
SKU-004,비건 단백질 파우더,견과·곡물,83.2,35.16,9.11,0.96,19,2025-11-01,138
SKU-004,비건 단백질 파우더,견과·곡물,83.2,35.16,9.11,0.96,19,2025-12-01,134
SKU-005,유기농 귀리 플레이크,조미원료,66.95,39.27,10.43,0.96,25,2024-01-01,312
SKU-005,유기농 귀리 플레이크,조미원료,66.95,39.27,10.43,0.96,25,2024-02-01,271
SKU-005,유기농 귀리 플레이크,조미원료,66.95,39.27,10.43,0.96,25,2024-03-01,258
SKU-005,유기농 귀리 플레이크,조미원료,66.95,39.27,10.43,0.96,25,2024-04-01,324
SKU-005,유기농 귀리 플레이크,조미원료,66.95,39.27,10.43,0.96,25,2024-05-01,239
SKU-005,유기농 귀리 플레이크,조미원료,66.95,39.27,10.43,0.96,25,2024-06-01,188
SKU-005,유기농 귀리 플레이크,조미원료,66.95,39.27,10.43,0.96,25,2024-07-01,115
SKU-005,유기농 귀리 플레이크,조미원료,66.95,39.27,10.43,0.96,25,2024-08-01,157
SKU-005,유기농 귀리 플레이크,조미원료,66.95,39.27,10.43,0.96,25,2024-09-01,178
SKU-005,유기농 귀리 플레이크,조미원료,66.95,39.27,10.43,0.96,25,2024-10-01,194
SKU-005,유기농 귀리 플레이크,조미원료,66.95,39.27,10.43,0.96,25,2024-11-01,179
SKU-005,유기농 귀리 플레이크,조미원료,66.95,39.27,10.43,0.96,25,2024-12-01,323
SKU-005,유기농 귀리 플레이크,조미원료,66.95,39.27,10.43,0.96,25,2025-01-01,342
SKU-005,유기농 귀리 플레이크,조미원료,66.95,39.27,10.43,0.96,25,2025-02-01,364
SKU-005,유기농 귀리 플레이크,조미원료,66.95,39.27,10.43,0.96,25,2025-03-01,233
SKU-005,유기농 귀리 플레이크,조미원료,66.95,39.27,10.43,0.96,25,2025-04-01,356
SKU-005,유기농 귀리 플레이크,조미원료,66.95,39.27,10.43,0.96,25,2025-05-01,262
SKU-005,유기농 귀리 플레이크,조미원료,66.95,39.27,10.43,0.96,25,2025-06-01,162
SKU-005,유기농 귀리 플레이크,조미원료,66.95,39.27,10.43,0.96,25,2025-07-01,145
SKU-005,유기농 귀리 플레이크,조미원료,66.95,39.27,10.43,0.96,25,2025-08-01,134
SKU-005,유기농 귀리 플레이크,조미원료,66.95,39.27,10.43,0.96,25,2025-09-01,238
SKU-005,유기농 귀리 플레이크,조미원료,66.95,39.27,10.43,0.96,25,2025-10-01,177
SKU-005,유기농 귀리 플레이크,조미원료,66.95,39.27,10.43,0.96,25,2025-11-01,176
SKU-005,유기농 귀리 플레이크,조미원료,66.95,39.27,10.43,0.96,25,2025-12-01,259
SKU-006,냉동 망고 다이스,냉동식품,13.0,37.52,8.53,0.96,102,2024-01-01,1902
SKU-006,냉동 망고 다이스,냉동식품,13.0,37.52,8.53,0.96,102,2024-02-01,2503
SKU-006,냉동 망고 다이스,냉동식품,13.0,37.52,8.53,0.96,102,2024-03-01,680
SKU-006,냉동 망고 다이스,냉동식품,13.0,37.52,8.53,0.96,102,2024-04-01,270
SKU-006,냉동 망고 다이스,냉동식품,13.0,37.52,8.53,0.96,102,2024-05-01,189
SKU-006,냉동 망고 다이스,냉동식품,13.0,37.52,8.53,0.96,102,2024-06-01,0
SKU-006,냉동 망고 다이스,냉동식품,13.0,37.52,8.53,0.96,102,2024-07-01,1707
SKU-006,냉동 망고 다이스,냉동식품,13.0,37.52,8.53,0.96,102,2024-08-01,0
SKU-006,냉동 망고 다이스,냉동식품,13.0,37.52,8.53,0.96,102,2024-09-01,829
SKU-006,냉동 망고 다이스,냉동식품,13.0,37.52,8.53,0.96,102,2024-10-01,692
SKU-006,냉동 망고 다이스,냉동식품,13.0,37.52,8.53,0.96,102,2024-11-01,3890
SKU-006,냉동 망고 다이스,냉동식품,13.0,37.52,8.53,0.96,102,2024-12-01,0
SKU-006,냉동 망고 다이스,냉동식품,13.0,37.52,8.53,0.96,102,2025-01-01,2433
SKU-006,냉동 망고 다이스,냉동식품,13.0,37.52,8.53,0.96,102,2025-02-01,4377
SKU-006,냉동 망고 다이스,냉동식품,13.0,37.52,8.53,0.96,102,2025-03-01,3164
SKU-006,냉동 망고 다이스,냉동식품,13.0,37.52,8.53,0.96,102,2025-04-01,1287
SKU-006,냉동 망고 다이스,냉동식품,13.0,37.52,8.53,0.96,102,2025-05-01,1026
SKU-006,냉동 망고 다이스,냉동식품,13.0,37.52,8.53,0.96,102,2025-06-01,1819
SKU-006,냉동 망고 다이스,냉동식품,13.0,37.52,8.53,0.96,102,2025-07-01,0
SKU-006,냉동 망고 다이스,냉동식품,13.0,37.52,8.53,0.96,102,2025-08-01,1252
SKU-006,냉동 망고 다이스,냉동식품,13.0,37.52,8.53,0.96,102,2025-09-01,793
SKU-006,냉동 망고 다이스,냉동식품,13.0,37.52,8.53,0.96,102,2025-10-01,2813
SKU-006,냉동 망고 다이스,냉동식품,13.0,37.52,8.53,0.96,102,2025-11-01,376
SKU-006,냉동 망고 다이스,냉동식품,13.0,37.52,8.53,0.96,102,2025-12-01,1509
SKU-007,천연 바닐라 익스트랙트,분말원료,42.9,35.98,8.63,0.96,22,2024-01-01,356
SKU-007,천연 바닐라 익스트랙트,분말원료,42.9,35.98,8.63,0.96,22,2024-02-01,413
SKU-007,천연 바닐라 익스트랙트,분말원료,42.9,35.98,8.63,0.96,22,2024-03-01,462
SKU-007,천연 바닐라 익스트랙트,분말원료,42.9,35.98,8.63,0.96,22,2024-04-01,508
SKU-007,천연 바닐라 익스트랙트,분말원료,42.9,35.98,8.63,0.96,22,2024-05-01,572
SKU-007,천연 바닐라 익스트랙트,분말원료,42.9,35.98,8.63,0.96,22,2024-06-01,572
SKU-007,천연 바닐라 익스트랙트,분말원료,42.9,35.98,8.63,0.96,22,2024-07-01,522
SKU-007,천연 바닐라 익스트랙트,분말원료,42.9,35.98,8.63,0.96,22,2024-08-01,432
SKU-007,천연 바닐라 익스트랙트,분말원료,42.9,35.98,8.63,0.96,22,2024-09-01,320
SKU-007,천연 바닐라 익스트랙트,분말원료,42.9,35.98,8.63,0.96,22,2024-10-01,308
SKU-007,천연 바닐라 익스트랙트,분말원료,42.9,35.98,8.63,0.96,22,2024-11-01,283
SKU-007,천연 바닐라 익스트랙트,분말원료,42.9,35.98,8.63,0.96,22,2024-12-01,269
SKU-007,천연 바닐라 익스트랙트,분말원료,42.9,35.98,8.63,0.96,22,2025-01-01,318
SKU-007,천연 바닐라 익스트랙트,분말원료,42.9,35.98,8.63,0.96,22,2025-02-01,429
SKU-007,천연 바닐라 익스트랙트,분말원료,42.9,35.98,8.63,0.96,22,2025-03-01,455
SKU-007,천연 바닐라 익스트랙트,분말원료,42.9,35.98,8.63,0.96,22,2025-04-01,568
SKU-007,천연 바닐라 익스트랙트,분말원료,42.9,35.98,8.63,0.96,22,2025-05-01,491
SKU-007,천연 바닐라 익스트랙트,분말원료,42.9,35.98,8.63,0.96,22,2025-06-01,490
SKU-007,천연 바닐라 익스트랙트,분말원료,42.9,35.98,8.63,0.96,22,2025-07-01,516
SKU-007,천연 바닐라 익스트랙트,분말원료,42.9,35.98,8.63,0.96,22,2025-08-01,371
SKU-007,천연 바닐라 익스트랙트,분말원료,42.9,35.98,8.63,0.96,22,2025-09-01,332
SKU-007,천연 바닐라 익스트랙트,분말원료,42.9,35.98,8.63,0.96,22,2025-10-01,267
SKU-007,천연 바닐라 익스트랙트,분말원료,42.9,35.98,8.63,0.96,22,2025-11-01,271
SKU-007,천연 바닐라 익스트랙트,분말원료,42.9,35.98,8.63,0.96,22,2025-12-01,287
SKU-008,토마토 페이스트 드럼,오일·소스,89.05,38.39,9.11,0.96,29,2024-01-01,158
SKU-008,토마토 페이스트 드럼,오일·소스,89.05,38.39,9.11,0.96,29,2024-02-01,122
SKU-008,토마토 페이스트 드럼,오일·소스,89.05,38.39,9.11,0.96,29,2024-03-01,116
SKU-008,토마토 페이스트 드럼,오일·소스,89.05,38.39,9.11,0.96,29,2024-04-01,151
SKU-008,토마토 페이스트 드럼,오일·소스,89.05,38.39,9.11,0.96,29,2024-05-01,78
SKU-008,토마토 페이스트 드럼,오일·소스,89.05,38.39,9.11,0.96,29,2024-06-01,218
SKU-008,토마토 페이스트 드럼,오일·소스,89.05,38.39,9.11,0.96,29,2024-07-01,212
SKU-008,토마토 페이스트 드럼,오일·소스,89.05,38.39,9.11,0.96,29,2024-08-01,170
SKU-008,토마토 페이스트 드럼,오일·소스,89.05,38.39,9.11,0.96,29,2024-09-01,175
SKU-008,토마토 페이스트 드럼,오일·소스,89.05,38.39,9.11,0.96,29,2024-10-01,157
SKU-008,토마토 페이스트 드럼,오일·소스,89.05,38.39,9.11,0.96,29,2024-11-01,176
SKU-008,토마토 페이스트 드럼,오일·소스,89.05,38.39,9.11,0.96,29,2024-12-01,144
SKU-008,토마토 페이스트 드럼,오일·소스,89.05,38.39,9.11,0.96,29,2025-01-01,110
SKU-008,토마토 페이스트 드럼,오일·소스,89.05,38.39,9.11,0.96,29,2025-02-01,114
SKU-008,토마토 페이스트 드럼,오일·소스,89.05,38.39,9.11,0.96,29,2025-03-01,155
SKU-008,토마토 페이스트 드럼,오일·소스,89.05,38.39,9.11,0.96,29,2025-04-01,130
SKU-008,토마토 페이스트 드럼,오일·소스,89.05,38.39,9.11,0.96,29,2025-05-01,119
SKU-008,토마토 페이스트 드럼,오일·소스,89.05,38.39,9.11,0.96,29,2025-06-01,167
SKU-008,토마토 페이스트 드럼,오일·소스,89.05,38.39,9.11,0.96,29,2025-07-01,190
SKU-008,토마토 페이스트 드럼,오일·소스,89.05,38.39,9.11,0.96,29,2025-08-01,154
SKU-008,토마토 페이스트 드럼,오일·소스,89.05,38.39,9.11,0.96,29,2025-09-01,208
SKU-008,토마토 페이스트 드럼,오일·소스,89.05,38.39,9.11,0.96,29,2025-10-01,162
SKU-008,토마토 페이스트 드럼,오일·소스,89.05,38.39,9.11,0.96,29,2025-11-01,136
SKU-008,토마토 페이스트 드럼,오일·소스,89.05,38.39,9.11,0.96,29,2025-12-01,130
SKU-009,고올레산 해바라기유,견과·곡물,34.45,38.45,9.16,0.96,38,2024-01-01,136
SKU-009,고올레산 해바라기유,견과·곡물,34.45,38.45,9.16,0.96,38,2024-02-01,368
SKU-009,고올레산 해바라기유,견과·곡물,34.45,38.45,9.16,0.96,38,2024-03-01,0
SKU-009,고올레산 해바라기유,견과·곡물,34.45,38.45,9.16,0.96,38,2024-04-01,1732
SKU-009,고올레산 해바라기유,견과·곡물,34.45,38.45,9.16,0.96,38,2024-05-01,170
SKU-009,고올레산 해바라기유,견과·곡물,34.45,38.45,9.16,0.96,38,2024-06-01,142
SKU-009,고올레산 해바라기유,견과·곡물,34.45,38.45,9.16,0.96,38,2024-07-01,553
SKU-009,고올레산 해바라기유,견과·곡물,34.45,38.45,9.16,0.96,38,2024-08-01,0
SKU-009,고올레산 해바라기유,견과·곡물,34.45,38.45,9.16,0.96,38,2024-09-01,225
SKU-009,고올레산 해바라기유,견과·곡물,34.45,38.45,9.16,0.96,38,2024-10-01,387
SKU-009,고올레산 해바라기유,견과·곡물,34.45,38.45,9.16,0.96,38,2024-11-01,460
SKU-009,고올레산 해바라기유,견과·곡물,34.45,38.45,9.16,0.96,38,2024-12-01,0
SKU-009,고올레산 해바라기유,견과·곡물,34.45,38.45,9.16,0.96,38,2025-01-01,914
SKU-009,고올레산 해바라기유,견과·곡물,34.45,38.45,9.16,0.96,38,2025-02-01,1525
SKU-009,고올레산 해바라기유,견과·곡물,34.45,38.45,9.16,0.96,38,2025-03-01,0
SKU-009,고올레산 해바라기유,견과·곡물,34.45,38.45,9.16,0.96,38,2025-04-01,820
SKU-009,고올레산 해바라기유,견과·곡물,34.45,38.45,9.16,0.96,38,2025-05-01,0
SKU-009,고올레산 해바라기유,견과·곡물,34.45,38.45,9.16,0.96,38,2025-06-01,240
SKU-009,고올레산 해바라기유,견과·곡물,34.45,38.45,9.16,0.96,38,2025-07-01,0
SKU-009,고올레산 해바라기유,견과·곡물,34.45,38.45,9.16,0.96,38,2025-08-01,359
SKU-009,고올레산 해바라기유,견과·곡물,34.45,38.45,9.16,0.96,38,2025-09-01,345
SKU-009,고올레산 해바라기유,견과·곡물,34.45,38.45,9.16,0.96,38,2025-10-01,279
SKU-009,고올레산 해바라기유,견과·곡물,34.45,38.45,9.16,0.96,38,2025-11-01,0
SKU-009,고올레산 해바라기유,견과·곡물,34.45,38.45,9.16,0.96,38,2025-12-01,0
SKU-010,무수 구연산,조미원료,25.35,42.16,9.48,0.96,109,2024-01-01,502
SKU-010,무수 구연산,조미원료,25.35,42.16,9.48,0.96,109,2024-02-01,601
SKU-010,무수 구연산,조미원료,25.35,42.16,9.48,0.96,109,2024-03-01,766
SKU-010,무수 구연산,조미원료,25.35,42.16,9.48,0.96,109,2024-04-01,741
SKU-010,무수 구연산,조미원료,25.35,42.16,9.48,0.96,109,2024-05-01,772
SKU-010,무수 구연산,조미원료,25.35,42.16,9.48,0.96,109,2024-06-01,792
SKU-010,무수 구연산,조미원료,25.35,42.16,9.48,0.96,109,2024-07-01,746
SKU-010,무수 구연산,조미원료,25.35,42.16,9.48,0.96,109,2024-08-01,591
SKU-010,무수 구연산,조미원료,25.35,42.16,9.48,0.96,109,2024-09-01,528
SKU-010,무수 구연산,조미원료,25.35,42.16,9.48,0.96,109,2024-10-01,418
SKU-010,무수 구연산,조미원료,25.35,42.16,9.48,0.96,109,2024-11-01,406
SKU-010,무수 구연산,조미원료,25.35,42.16,9.48,0.96,109,2024-12-01,481
SKU-010,무수 구연산,조미원료,25.35,42.16,9.48,0.96,109,2025-01-01,536
SKU-010,무수 구연산,조미원료,25.35,42.16,9.48,0.96,109,2025-02-01,647
SKU-010,무수 구연산,조미원료,25.35,42.16,9.48,0.96,109,2025-03-01,700
SKU-010,무수 구연산,조미원료,25.35,42.16,9.48,0.96,109,2025-04-01,838
SKU-010,무수 구연산,조미원료,25.35,42.16,9.48,0.96,109,2025-05-01,861
SKU-010,무수 구연산,조미원료,25.35,42.16,9.48,0.96,109,2025-06-01,898
SKU-010,무수 구연산,조미원료,25.35,42.16,9.48,0.96,109,2025-07-01,684
SKU-010,무수 구연산,조미원료,25.35,42.16,9.48,0.96,109,2025-08-01,568
SKU-010,무수 구연산,조미원료,25.35,42.16,9.48,0.96,109,2025-09-01,533
SKU-010,무수 구연산,조미원료,25.35,42.16,9.48,0.96,109,2025-10-01,432
SKU-010,무수 구연산,조미원료,25.35,42.16,9.48,0.96,109,2025-11-01,410
SKU-010,무수 구연산,조미원료,25.35,42.16,9.48,0.96,109,2025-12-01,417
SKU-011,그릭요거트 스타터,냉동식품,61.1,33.4,9.2,0.96,3,2024-01-01,43
SKU-011,그릭요거트 스타터,냉동식품,61.1,33.4,9.2,0.96,3,2024-02-01,51
SKU-011,그릭요거트 스타터,냉동식품,61.1,33.4,9.2,0.96,3,2024-03-01,62
SKU-011,그릭요거트 스타터,냉동식품,61.1,33.4,9.2,0.96,3,2024-04-01,68
SKU-011,그릭요거트 스타터,냉동식품,61.1,33.4,9.2,0.96,3,2024-05-01,69
SKU-011,그릭요거트 스타터,냉동식품,61.1,33.4,9.2,0.96,3,2024-06-01,65
SKU-011,그릭요거트 스타터,냉동식품,61.1,33.4,9.2,0.96,3,2024-07-01,62
SKU-011,그릭요거트 스타터,냉동식품,61.1,33.4,9.2,0.96,3,2024-08-01,49
SKU-011,그릭요거트 스타터,냉동식품,61.1,33.4,9.2,0.96,3,2024-09-01,35
SKU-011,그릭요거트 스타터,냉동식품,61.1,33.4,9.2,0.96,3,2024-10-01,35
SKU-011,그릭요거트 스타터,냉동식품,61.1,33.4,9.2,0.96,3,2024-11-01,32
SKU-011,그릭요거트 스타터,냉동식품,61.1,33.4,9.2,0.96,3,2024-12-01,35
SKU-011,그릭요거트 스타터,냉동식품,61.1,33.4,9.2,0.96,3,2025-01-01,40
SKU-011,그릭요거트 스타터,냉동식품,61.1,33.4,9.2,0.96,3,2025-02-01,48
SKU-011,그릭요거트 스타터,냉동식품,61.1,33.4,9.2,0.96,3,2025-03-01,55
SKU-011,그릭요거트 스타터,냉동식품,61.1,33.4,9.2,0.96,3,2025-04-01,63
SKU-011,그릭요거트 스타터,냉동식품,61.1,33.4,9.2,0.96,3,2025-05-01,72
SKU-011,그릭요거트 스타터,냉동식품,61.1,33.4,9.2,0.96,3,2025-06-01,64
SKU-011,그릭요거트 스타터,냉동식품,61.1,33.4,9.2,0.96,3,2025-07-01,62
SKU-011,그릭요거트 스타터,냉동식품,61.1,33.4,9.2,0.96,3,2025-08-01,55
SKU-011,그릭요거트 스타터,냉동식품,61.1,33.4,9.2,0.96,3,2025-09-01,40
SKU-011,그릭요거트 스타터,냉동식품,61.1,33.4,9.2,0.96,3,2025-10-01,34
SKU-011,그릭요거트 스타터,냉동식품,61.1,33.4,9.2,0.96,3,2025-11-01,29
SKU-011,그릭요거트 스타터,냉동식품,61.1,33.4,9.2,0.96,3,2025-12-01,36
SKU-012,분말 치즈 시즈닝,분말원료,65.0,38.69,8.47,0.96,4,2024-01-01,58
SKU-012,분말 치즈 시즈닝,분말원료,65.0,38.69,8.47,0.96,4,2024-02-01,67
SKU-012,분말 치즈 시즈닝,분말원료,65.0,38.69,8.47,0.96,4,2024-03-01,85
SKU-012,분말 치즈 시즈닝,분말원료,65.0,38.69,8.47,0.96,4,2024-04-01,86
SKU-012,분말 치즈 시즈닝,분말원료,65.0,38.69,8.47,0.96,4,2024-05-01,82
SKU-012,분말 치즈 시즈닝,분말원료,65.0,38.69,8.47,0.96,4,2024-06-01,61
SKU-012,분말 치즈 시즈닝,분말원료,65.0,38.69,8.47,0.96,4,2024-07-01,42
SKU-012,분말 치즈 시즈닝,분말원료,65.0,38.69,8.47,0.96,4,2024-08-01,30
SKU-012,분말 치즈 시즈닝,분말원료,65.0,38.69,8.47,0.96,4,2024-09-01,21
SKU-012,분말 치즈 시즈닝,분말원료,65.0,38.69,8.47,0.96,4,2024-10-01,20
SKU-012,분말 치즈 시즈닝,분말원료,65.0,38.69,8.47,0.96,4,2024-11-01,21
SKU-012,분말 치즈 시즈닝,분말원료,65.0,38.69,8.47,0.96,4,2024-12-01,36
SKU-012,분말 치즈 시즈닝,분말원료,65.0,38.69,8.47,0.96,4,2025-01-01,37
SKU-012,분말 치즈 시즈닝,분말원료,65.0,38.69,8.47,0.96,4,2025-02-01,70
SKU-012,분말 치즈 시즈닝,분말원료,65.0,38.69,8.47,0.96,4,2025-03-01,78
SKU-012,분말 치즈 시즈닝,분말원료,65.0,38.69,8.47,0.96,4,2025-04-01,94
SKU-012,분말 치즈 시즈닝,분말원료,65.0,38.69,8.47,0.96,4,2025-05-01,78
SKU-012,분말 치즈 시즈닝,분말원료,65.0,38.69,8.47,0.96,4,2025-06-01,65
SKU-012,분말 치즈 시즈닝,분말원료,65.0,38.69,8.47,0.96,4,2025-07-01,40
SKU-012,분말 치즈 시즈닝,분말원료,65.0,38.69,8.47,0.96,4,2025-08-01,27
SKU-012,분말 치즈 시즈닝,분말원료,65.0,38.69,8.47,0.96,4,2025-09-01,17
SKU-012,분말 치즈 시즈닝,분말원료,65.0,38.69,8.47,0.96,4,2025-10-01,19
SKU-012,분말 치즈 시즈닝,분말원료,65.0,38.69,8.47,0.96,4,2025-11-01,27
SKU-012,분말 치즈 시즈닝,분말원료,65.0,38.69,8.47,0.96,4,2025-12-01,37
SKU-013,건조 양파 플레이크,오일·소스,61.1,37.15,8.87,0.96,7,2024-01-01,0
SKU-013,건조 양파 플레이크,오일·소스,61.1,37.15,8.87,0.96,7,2024-02-01,206
SKU-013,건조 양파 플레이크,오일·소스,61.1,37.15,8.87,0.96,7,2024-03-01,0
SKU-013,건조 양파 플레이크,오일·소스,61.1,37.15,8.87,0.96,7,2024-04-01,30
SKU-013,건조 양파 플레이크,오일·소스,61.1,37.15,8.87,0.96,7,2024-05-01,0
SKU-013,건조 양파 플레이크,오일·소스,61.1,37.15,8.87,0.96,7,2024-06-01,14
SKU-013,건조 양파 플레이크,오일·소스,61.1,37.15,8.87,0.96,7,2024-07-01,31
SKU-013,건조 양파 플레이크,오일·소스,61.1,37.15,8.87,0.96,7,2024-08-01,268
SKU-013,건조 양파 플레이크,오일·소스,61.1,37.15,8.87,0.96,7,2024-09-01,21
SKU-013,건조 양파 플레이크,오일·소스,61.1,37.15,8.87,0.96,7,2024-10-01,22
SKU-013,건조 양파 플레이크,오일·소스,61.1,37.15,8.87,0.96,7,2024-11-01,40
SKU-013,건조 양파 플레이크,오일·소스,61.1,37.15,8.87,0.96,7,2024-12-01,78
SKU-013,건조 양파 플레이크,오일·소스,61.1,37.15,8.87,0.96,7,2025-01-01,64
SKU-013,건조 양파 플레이크,오일·소스,61.1,37.15,8.87,0.96,7,2025-02-01,34
SKU-013,건조 양파 플레이크,오일·소스,61.1,37.15,8.87,0.96,7,2025-03-01,67
SKU-013,건조 양파 플레이크,오일·소스,61.1,37.15,8.87,0.96,7,2025-04-01,0
SKU-013,건조 양파 플레이크,오일·소스,61.1,37.15,8.87,0.96,7,2025-05-01,115
SKU-013,건조 양파 플레이크,오일·소스,61.1,37.15,8.87,0.96,7,2025-06-01,0
SKU-013,건조 양파 플레이크,오일·소스,61.1,37.15,8.87,0.96,7,2025-07-01,27
SKU-013,건조 양파 플레이크,오일·소스,61.1,37.15,8.87,0.96,7,2025-08-01,0
SKU-013,건조 양파 플레이크,오일·소스,61.1,37.15,8.87,0.96,7,2025-09-01,12
SKU-013,건조 양파 플레이크,오일·소스,61.1,37.15,8.87,0.96,7,2025-10-01,0
SKU-013,건조 양파 플레이크,오일·소스,61.1,37.15,8.87,0.96,7,2025-11-01,46
SKU-013,건조 양파 플레이크,오일·소스,61.1,37.15,8.87,0.96,7,2025-12-01,0
SKU-014,볶음 참깨 원료,견과·곡물,79.95,33.12,8.88,0.96,3,2024-01-01,31
SKU-014,볶음 참깨 원료,견과·곡물,79.95,33.12,8.88,0.96,3,2024-02-01,37
SKU-014,볶음 참깨 원료,견과·곡물,79.95,33.12,8.88,0.96,3,2024-03-01,48
SKU-014,볶음 참깨 원료,견과·곡물,79.95,33.12,8.88,0.96,3,2024-04-01,44
SKU-014,볶음 참깨 원료,견과·곡물,79.95,33.12,8.88,0.96,3,2024-05-01,53
SKU-014,볶음 참깨 원료,견과·곡물,79.95,33.12,8.88,0.96,3,2024-06-01,47
SKU-014,볶음 참깨 원료,견과·곡물,79.95,33.12,8.88,0.96,3,2024-07-01,48
SKU-014,볶음 참깨 원료,견과·곡물,79.95,33.12,8.88,0.96,3,2024-08-01,36
SKU-014,볶음 참깨 원료,견과·곡물,79.95,33.12,8.88,0.96,3,2024-09-01,33
SKU-014,볶음 참깨 원료,견과·곡물,79.95,33.12,8.88,0.96,3,2024-10-01,26
SKU-014,볶음 참깨 원료,견과·곡물,79.95,33.12,8.88,0.96,3,2024-11-01,22
SKU-014,볶음 참깨 원료,견과·곡물,79.95,33.12,8.88,0.96,3,2024-12-01,25
SKU-014,볶음 참깨 원료,견과·곡물,79.95,33.12,8.88,0.96,3,2025-01-01,32
SKU-014,볶음 참깨 원료,견과·곡물,79.95,33.12,8.88,0.96,3,2025-02-01,37
SKU-014,볶음 참깨 원료,견과·곡물,79.95,33.12,8.88,0.96,3,2025-03-01,42
SKU-014,볶음 참깨 원료,견과·곡물,79.95,33.12,8.88,0.96,3,2025-04-01,48
SKU-014,볶음 참깨 원료,견과·곡물,79.95,33.12,8.88,0.96,3,2025-05-01,50
SKU-014,볶음 참깨 원료,견과·곡물,79.95,33.12,8.88,0.96,3,2025-06-01,51
SKU-014,볶음 참깨 원료,견과·곡물,79.95,33.12,8.88,0.96,3,2025-07-01,42
SKU-014,볶음 참깨 원료,견과·곡물,79.95,33.12,8.88,0.96,3,2025-08-01,36
SKU-014,볶음 참깨 원료,견과·곡물,79.95,33.12,8.88,0.96,3,2025-09-01,32
SKU-014,볶음 참깨 원료,견과·곡물,79.95,33.12,8.88,0.96,3,2025-10-01,26
SKU-014,볶음 참깨 원료,견과·곡물,79.95,33.12,8.88,0.96,3,2025-11-01,24
SKU-014,볶음 참깨 원료,견과·곡물,79.95,33.12,8.88,0.96,3,2025-12-01,26
SKU-015,냉동 새우살,조미원료,83.2,36.81,8.57,0.96,5,2024-01-01,45
SKU-015,냉동 새우살,조미원료,83.2,36.81,8.57,0.96,5,2024-02-01,49
SKU-015,냉동 새우살,조미원료,83.2,36.81,8.57,0.96,5,2024-03-01,54
SKU-015,냉동 새우살,조미원료,83.2,36.81,8.57,0.96,5,2024-04-01,47
SKU-015,냉동 새우살,조미원료,83.2,36.81,8.57,0.96,5,2024-05-01,38
SKU-015,냉동 새우살,조미원료,83.2,36.81,8.57,0.96,5,2024-06-01,30
SKU-015,냉동 새우살,조미원료,83.2,36.81,8.57,0.96,5,2024-07-01,27
SKU-015,냉동 새우살,조미원료,83.2,36.81,8.57,0.96,5,2024-08-01,28
SKU-015,냉동 새우살,조미원료,83.2,36.81,8.57,0.96,5,2024-09-01,24
SKU-015,냉동 새우살,조미원료,83.2,36.81,8.57,0.96,5,2024-10-01,26
SKU-015,냉동 새우살,조미원료,83.2,36.81,8.57,0.96,5,2024-11-01,32
SKU-015,냉동 새우살,조미원료,83.2,36.81,8.57,0.96,5,2024-12-01,32
SKU-015,냉동 새우살,조미원료,83.2,36.81,8.57,0.96,5,2025-01-01,48
SKU-015,냉동 새우살,조미원료,83.2,36.81,8.57,0.96,5,2025-02-01,35
SKU-015,냉동 새우살,조미원료,83.2,36.81,8.57,0.96,5,2025-03-01,52
SKU-015,냉동 새우살,조미원료,83.2,36.81,8.57,0.96,5,2025-04-01,42
SKU-015,냉동 새우살,조미원료,83.2,36.81,8.57,0.96,5,2025-05-01,28
SKU-015,냉동 새우살,조미원료,83.2,36.81,8.57,0.96,5,2025-06-01,26
SKU-015,냉동 새우살,조미원료,83.2,36.81,8.57,0.96,5,2025-07-01,20
SKU-015,냉동 새우살,조미원료,83.2,36.81,8.57,0.96,5,2025-08-01,29
SKU-015,냉동 새우살,조미원료,83.2,36.81,8.57,0.96,5,2025-09-01,32
SKU-015,냉동 새우살,조미원료,83.2,36.81,8.57,0.96,5,2025-10-01,23
SKU-015,냉동 새우살,조미원료,83.2,36.81,8.57,0.96,5,2025-11-01,27
SKU-015,냉동 새우살,조미원료,83.2,36.81,8.57,0.96,5,2025-12-01,37
SKU-016,농축 레몬 주스,냉동식품,61.1,34.17,9.78,0.96,7,2024-01-01,59
SKU-016,농축 레몬 주스,냉동식품,61.1,34.17,9.78,0.96,7,2024-02-01,56
SKU-016,농축 레몬 주스,냉동식품,61.1,34.17,9.78,0.96,7,2024-03-01,0
SKU-016,농축 레몬 주스,냉동식품,61.1,34.17,9.78,0.96,7,2024-04-01,108
SKU-016,농축 레몬 주스,냉동식품,61.1,34.17,9.78,0.96,7,2024-05-01,24
SKU-016,농축 레몬 주스,냉동식품,61.1,34.17,9.78,0.96,7,2024-06-01,113
SKU-016,농축 레몬 주스,냉동식품,61.1,34.17,9.78,0.96,7,2024-07-01,102
SKU-016,농축 레몬 주스,냉동식품,61.1,34.17,9.78,0.96,7,2024-08-01,136
SKU-016,농축 레몬 주스,냉동식품,61.1,34.17,9.78,0.96,7,2024-09-01,43
SKU-016,농축 레몬 주스,냉동식품,61.1,34.17,9.78,0.96,7,2024-10-01,38
SKU-016,농축 레몬 주스,냉동식품,61.1,34.17,9.78,0.96,7,2024-11-01,18
SKU-016,농축 레몬 주스,냉동식품,61.1,34.17,9.78,0.96,7,2024-12-01,0
SKU-016,농축 레몬 주스,냉동식품,61.1,34.17,9.78,0.96,7,2025-01-01,0
SKU-016,농축 레몬 주스,냉동식품,61.1,34.17,9.78,0.96,7,2025-02-01,33
SKU-016,농축 레몬 주스,냉동식품,61.1,34.17,9.78,0.96,7,2025-03-01,15
SKU-016,농축 레몬 주스,냉동식품,61.1,34.17,9.78,0.96,7,2025-04-01,0
SKU-016,농축 레몬 주스,냉동식품,61.1,34.17,9.78,0.96,7,2025-05-01,108
SKU-016,농축 레몬 주스,냉동식품,61.1,34.17,9.78,0.96,7,2025-06-01,641
SKU-016,농축 레몬 주스,냉동식품,61.1,34.17,9.78,0.96,7,2025-07-01,0
SKU-016,농축 레몬 주스,냉동식품,61.1,34.17,9.78,0.96,7,2025-08-01,11
SKU-016,농축 레몬 주스,냉동식품,61.1,34.17,9.78,0.96,7,2025-09-01,87
SKU-016,농축 레몬 주스,냉동식품,61.1,34.17,9.78,0.96,7,2025-10-01,0
SKU-016,농축 레몬 주스,냉동식품,61.1,34.17,9.78,0.96,7,2025-11-01,40
SKU-016,농축 레몬 주스,냉동식품,61.1,34.17,9.78,0.96,7,2025-12-01,60
SKU-017,사탕수수 원당,분말원료,74.75,36.62,9.01,0.96,5,2024-01-01,36
SKU-017,사탕수수 원당,분말원료,74.75,36.62,9.01,0.96,5,2024-02-01,43
SKU-017,사탕수수 원당,분말원료,74.75,36.62,9.01,0.96,5,2024-03-01,56
SKU-017,사탕수수 원당,분말원료,74.75,36.62,9.01,0.96,5,2024-04-01,59
SKU-017,사탕수수 원당,분말원료,74.75,36.62,9.01,0.96,5,2024-05-01,58
SKU-017,사탕수수 원당,분말원료,74.75,36.62,9.01,0.96,5,2024-06-01,63
SKU-017,사탕수수 원당,분말원료,74.75,36.62,9.01,0.96,5,2024-07-01,49
SKU-017,사탕수수 원당,분말원료,74.75,36.62,9.01,0.96,5,2024-08-01,46
SKU-017,사탕수수 원당,분말원료,74.75,36.62,9.01,0.96,5,2024-09-01,35
SKU-017,사탕수수 원당,분말원료,74.75,36.62,9.01,0.96,5,2024-10-01,30
SKU-017,사탕수수 원당,분말원료,74.75,36.62,9.01,0.96,5,2024-11-01,27
SKU-017,사탕수수 원당,분말원료,74.75,36.62,9.01,0.96,5,2024-12-01,31
SKU-017,사탕수수 원당,분말원료,74.75,36.62,9.01,0.96,5,2025-01-01,36
SKU-017,사탕수수 원당,분말원료,74.75,36.62,9.01,0.96,5,2025-02-01,43
SKU-017,사탕수수 원당,분말원료,74.75,36.62,9.01,0.96,5,2025-03-01,46
SKU-017,사탕수수 원당,분말원료,74.75,36.62,9.01,0.96,5,2025-04-01,59
SKU-017,사탕수수 원당,분말원료,74.75,36.62,9.01,0.96,5,2025-05-01,53
SKU-017,사탕수수 원당,분말원료,74.75,36.62,9.01,0.96,5,2025-06-01,52
SKU-017,사탕수수 원당,분말원료,74.75,36.62,9.01,0.96,5,2025-07-01,49
SKU-017,사탕수수 원당,분말원료,74.75,36.62,9.01,0.96,5,2025-08-01,43
SKU-017,사탕수수 원당,분말원료,74.75,36.62,9.01,0.96,5,2025-09-01,32
SKU-017,사탕수수 원당,분말원료,74.75,36.62,9.01,0.96,5,2025-10-01,31
SKU-017,사탕수수 원당,분말원료,74.75,36.62,9.01,0.96,5,2025-11-01,30
SKU-017,사탕수수 원당,분말원료,74.75,36.62,9.01,0.96,5,2025-12-01,31
SKU-018,아몬드 슬라이스,오일·소스,33.8,38.42,8.7,0.96,5,2024-01-01,66
SKU-018,아몬드 슬라이스,오일·소스,33.8,38.42,8.7,0.96,5,2024-02-01,79
SKU-018,아몬드 슬라이스,오일·소스,33.8,38.42,8.7,0.96,5,2024-03-01,68
SKU-018,아몬드 슬라이스,오일·소스,33.8,38.42,8.7,0.96,5,2024-04-01,74
SKU-018,아몬드 슬라이스,오일·소스,33.8,38.42,8.7,0.96,5,2024-05-01,99
SKU-018,아몬드 슬라이스,오일·소스,33.8,38.42,8.7,0.96,5,2024-06-01,116
SKU-018,아몬드 슬라이스,오일·소스,33.8,38.42,8.7,0.96,5,2024-07-01,103
SKU-018,아몬드 슬라이스,오일·소스,33.8,38.42,8.7,0.96,5,2024-08-01,111
SKU-018,아몬드 슬라이스,오일·소스,33.8,38.42,8.7,0.96,5,2024-09-01,101
SKU-018,아몬드 슬라이스,오일·소스,33.8,38.42,8.7,0.96,5,2024-10-01,91
SKU-018,아몬드 슬라이스,오일·소스,33.8,38.42,8.7,0.96,5,2024-11-01,72
SKU-018,아몬드 슬라이스,오일·소스,33.8,38.42,8.7,0.96,5,2024-12-01,87
SKU-018,아몬드 슬라이스,오일·소스,33.8,38.42,8.7,0.96,5,2025-01-01,84
SKU-018,아몬드 슬라이스,오일·소스,33.8,38.42,8.7,0.96,5,2025-02-01,61
SKU-018,아몬드 슬라이스,오일·소스,33.8,38.42,8.7,0.96,5,2025-03-01,89
SKU-018,아몬드 슬라이스,오일·소스,33.8,38.42,8.7,0.96,5,2025-04-01,40
SKU-018,아몬드 슬라이스,오일·소스,33.8,38.42,8.7,0.96,5,2025-05-01,88
SKU-018,아몬드 슬라이스,오일·소스,33.8,38.42,8.7,0.96,5,2025-06-01,98
SKU-018,아몬드 슬라이스,오일·소스,33.8,38.42,8.7,0.96,5,2025-07-01,109
SKU-018,아몬드 슬라이스,오일·소스,33.8,38.42,8.7,0.96,5,2025-08-01,128
SKU-018,아몬드 슬라이스,오일·소스,33.8,38.42,8.7,0.96,5,2025-09-01,111
SKU-018,아몬드 슬라이스,오일·소스,33.8,38.42,8.7,0.96,5,2025-10-01,92
SKU-018,아몬드 슬라이스,오일·소스,33.8,38.42,8.7,0.96,5,2025-11-01,89
SKU-018,아몬드 슬라이스,오일·소스,33.8,38.42,8.7,0.96,5,2025-12-01,89
SKU-019,천일염 플레이크,견과·곡물,16.25,34.32,8.69,0.96,18,2024-01-01,0
SKU-019,천일염 플레이크,견과·곡물,16.25,34.32,8.69,0.96,18,2024-02-01,164
SKU-019,천일염 플레이크,견과·곡물,16.25,34.32,8.69,0.96,18,2024-03-01,167
SKU-019,천일염 플레이크,견과·곡물,16.25,34.32,8.69,0.96,18,2024-04-01,0
SKU-019,천일염 플레이크,견과·곡물,16.25,34.32,8.69,0.96,18,2024-05-01,336
SKU-019,천일염 플레이크,견과·곡물,16.25,34.32,8.69,0.96,18,2024-06-01,0
SKU-019,천일염 플레이크,견과·곡물,16.25,34.32,8.69,0.96,18,2024-07-01,192
SKU-019,천일염 플레이크,견과·곡물,16.25,34.32,8.69,0.96,18,2024-08-01,0
SKU-019,천일염 플레이크,견과·곡물,16.25,34.32,8.69,0.96,18,2024-09-01,286
SKU-019,천일염 플레이크,견과·곡물,16.25,34.32,8.69,0.96,18,2024-10-01,137
SKU-019,천일염 플레이크,견과·곡물,16.25,34.32,8.69,0.96,18,2024-11-01,0
SKU-019,천일염 플레이크,견과·곡물,16.25,34.32,8.69,0.96,18,2024-12-01,78
SKU-019,천일염 플레이크,견과·곡물,16.25,34.32,8.69,0.96,18,2025-01-01,68
SKU-019,천일염 플레이크,견과·곡물,16.25,34.32,8.69,0.96,18,2025-02-01,264
SKU-019,천일염 플레이크,견과·곡물,16.25,34.32,8.69,0.96,18,2025-03-01,221
SKU-019,천일염 플레이크,견과·곡물,16.25,34.32,8.69,0.96,18,2025-04-01,0
SKU-019,천일염 플레이크,견과·곡물,16.25,34.32,8.69,0.96,18,2025-05-01,0
SKU-019,천일염 플레이크,견과·곡물,16.25,34.32,8.69,0.96,18,2025-06-01,319
SKU-019,천일염 플레이크,견과·곡물,16.25,34.32,8.69,0.96,18,2025-07-01,51
SKU-019,천일염 플레이크,견과·곡물,16.25,34.32,8.69,0.96,18,2025-08-01,893
SKU-019,천일염 플레이크,견과·곡물,16.25,34.32,8.69,0.96,18,2025-09-01,181
SKU-019,천일염 플레이크,견과·곡물,16.25,34.32,8.69,0.96,18,2025-10-01,24
SKU-019,천일염 플레이크,견과·곡물,16.25,34.32,8.69,0.96,18,2025-11-01,51
SKU-019,천일염 플레이크,견과·곡물,16.25,34.32,8.69,0.96,18,2025-12-01,31
SKU-020,말차 파우더,조미원료,81.25,39.65,9.64,0.96,4,2024-01-01,25
SKU-020,말차 파우더,조미원료,81.25,39.65,9.64,0.96,4,2024-02-01,36
SKU-020,말차 파우더,조미원료,81.25,39.65,9.64,0.96,4,2024-03-01,36
SKU-020,말차 파우더,조미원료,81.25,39.65,9.64,0.96,4,2024-04-01,48
SKU-020,말차 파우더,조미원료,81.25,39.65,9.64,0.96,4,2024-05-01,47
SKU-020,말차 파우더,조미원료,81.25,39.65,9.64,0.96,4,2024-06-01,42
SKU-020,말차 파우더,조미원료,81.25,39.65,9.64,0.96,4,2024-07-01,41
SKU-020,말차 파우더,조미원료,81.25,39.65,9.64,0.96,4,2024-08-01,34
SKU-020,말차 파우더,조미원료,81.25,39.65,9.64,0.96,4,2024-09-01,31
SKU-020,말차 파우더,조미원료,81.25,39.65,9.64,0.96,4,2024-10-01,22
SKU-020,말차 파우더,조미원료,81.25,39.65,9.64,0.96,4,2024-11-01,23
SKU-020,말차 파우더,조미원료,81.25,39.65,9.64,0.96,4,2024-12-01,25
SKU-020,말차 파우더,조미원료,81.25,39.65,9.64,0.96,4,2025-01-01,27
SKU-020,말차 파우더,조미원료,81.25,39.65,9.64,0.96,4,2025-02-01,35
SKU-020,말차 파우더,조미원료,81.25,39.65,9.64,0.96,4,2025-03-01,41
SKU-020,말차 파우더,조미원료,81.25,39.65,9.64,0.96,4,2025-04-01,50
SKU-020,말차 파우더,조미원료,81.25,39.65,9.64,0.96,4,2025-05-01,47
SKU-020,말차 파우더,조미원료,81.25,39.65,9.64,0.96,4,2025-06-01,47
SKU-020,말차 파우더,조미원료,81.25,39.65,9.64,0.96,4,2025-07-01,38
SKU-020,말차 파우더,조미원료,81.25,39.65,9.64,0.96,4,2025-08-01,32
SKU-020,말차 파우더,조미원료,81.25,39.65,9.64,0.96,4,2025-09-01,31
SKU-020,말차 파우더,조미원료,81.25,39.65,9.64,0.96,4,2025-10-01,27
SKU-020,말차 파우더,조미원료,81.25,39.65,9.64,0.96,4,2025-11-01,23
SKU-020,말차 파우더,조미원료,81.25,39.65,9.64,0.96,4,2025-12-01,24
SKU-021,냉동 블루베리,냉동식품,26.65,35.44,8.08,0.96,5,2024-01-01,21
SKU-021,냉동 블루베리,냉동식품,26.65,35.44,8.08,0.96,5,2024-02-01,29
SKU-021,냉동 블루베리,냉동식품,26.65,35.44,8.08,0.96,5,2024-03-01,32
SKU-021,냉동 블루베리,냉동식품,26.65,35.44,8.08,0.96,5,2024-04-01,36
SKU-021,냉동 블루베리,냉동식품,26.65,35.44,8.08,0.96,5,2024-05-01,36
SKU-021,냉동 블루베리,냉동식품,26.65,35.44,8.08,0.96,5,2024-06-01,34
SKU-021,냉동 블루베리,냉동식품,26.65,35.44,8.08,0.96,5,2024-07-01,29
SKU-021,냉동 블루베리,냉동식품,26.65,35.44,8.08,0.96,5,2024-08-01,24
SKU-021,냉동 블루베리,냉동식품,26.65,35.44,8.08,0.96,5,2024-09-01,21
SKU-021,냉동 블루베리,냉동식품,26.65,35.44,8.08,0.96,5,2024-10-01,17
SKU-021,냉동 블루베리,냉동식품,26.65,35.44,8.08,0.96,5,2024-11-01,18
SKU-021,냉동 블루베리,냉동식품,26.65,35.44,8.08,0.96,5,2024-12-01,17
SKU-021,냉동 블루베리,냉동식품,26.65,35.44,8.08,0.96,5,2025-01-01,21
SKU-021,냉동 블루베리,냉동식품,26.65,35.44,8.08,0.96,5,2025-02-01,24
SKU-021,냉동 블루베리,냉동식품,26.65,35.44,8.08,0.96,5,2025-03-01,31
SKU-021,냉동 블루베리,냉동식품,26.65,35.44,8.08,0.96,5,2025-04-01,31
SKU-021,냉동 블루베리,냉동식품,26.65,35.44,8.08,0.96,5,2025-05-01,31
SKU-021,냉동 블루베리,냉동식품,26.65,35.44,8.08,0.96,5,2025-06-01,33
SKU-021,냉동 블루베리,냉동식품,26.65,35.44,8.08,0.96,5,2025-07-01,32
SKU-021,냉동 블루베리,냉동식품,26.65,35.44,8.08,0.96,5,2025-08-01,25
SKU-021,냉동 블루베리,냉동식품,26.65,35.44,8.08,0.96,5,2025-09-01,22
SKU-021,냉동 블루베리,냉동식품,26.65,35.44,8.08,0.96,5,2025-10-01,18
SKU-021,냉동 블루베리,냉동식품,26.65,35.44,8.08,0.96,5,2025-11-01,18
SKU-021,냉동 블루베리,냉동식품,26.65,35.44,8.08,0.96,5,2025-12-01,19
SKU-022,코코넛 밀크 파우더,분말원료,57.2,39.02,9.09,0.96,2,2024-01-01,12
SKU-022,코코넛 밀크 파우더,분말원료,57.2,39.02,9.09,0.96,2,2024-02-01,15
SKU-022,코코넛 밀크 파우더,분말원료,57.2,39.02,9.09,0.96,2,2024-03-01,21
SKU-022,코코넛 밀크 파우더,분말원료,57.2,39.02,9.09,0.96,2,2024-04-01,21
SKU-022,코코넛 밀크 파우더,분말원료,57.2,39.02,9.09,0.96,2,2024-05-01,16
SKU-022,코코넛 밀크 파우더,분말원료,57.2,39.02,9.09,0.96,2,2024-06-01,18
SKU-022,코코넛 밀크 파우더,분말원료,57.2,39.02,9.09,0.96,2,2024-07-01,11
SKU-022,코코넛 밀크 파우더,분말원료,57.2,39.02,9.09,0.96,2,2024-08-01,10
SKU-022,코코넛 밀크 파우더,분말원료,57.2,39.02,9.09,0.96,2,2024-09-01,8
SKU-022,코코넛 밀크 파우더,분말원료,57.2,39.02,9.09,0.96,2,2024-10-01,6
SKU-022,코코넛 밀크 파우더,분말원료,57.2,39.02,9.09,0.96,2,2024-11-01,5
SKU-022,코코넛 밀크 파우더,분말원료,57.2,39.02,9.09,0.96,2,2024-12-01,8
SKU-022,코코넛 밀크 파우더,분말원료,57.2,39.02,9.09,0.96,2,2025-01-01,11
SKU-022,코코넛 밀크 파우더,분말원료,57.2,39.02,9.09,0.96,2,2025-02-01,14
SKU-022,코코넛 밀크 파우더,분말원료,57.2,39.02,9.09,0.96,2,2025-03-01,21
SKU-022,코코넛 밀크 파우더,분말원료,57.2,39.02,9.09,0.96,2,2025-04-01,21
SKU-022,코코넛 밀크 파우더,분말원료,57.2,39.02,9.09,0.96,2,2025-05-01,19
SKU-022,코코넛 밀크 파우더,분말원료,57.2,39.02,9.09,0.96,2,2025-06-01,16
SKU-022,코코넛 밀크 파우더,분말원료,57.2,39.02,9.09,0.96,2,2025-07-01,11
SKU-022,코코넛 밀크 파우더,분말원료,57.2,39.02,9.09,0.96,2,2025-08-01,8
SKU-022,코코넛 밀크 파우더,분말원료,57.2,39.02,9.09,0.96,2,2025-09-01,7
SKU-022,코코넛 밀크 파우더,분말원료,57.2,39.02,9.09,0.96,2,2025-10-01,6
SKU-022,코코넛 밀크 파우더,분말원료,57.2,39.02,9.09,0.96,2,2025-11-01,5
SKU-022,코코넛 밀크 파우더,분말원료,57.2,39.02,9.09,0.96,2,2025-12-01,6
SKU-023,비프 엑기스 베이스,오일·소스,31.2,31.3,9.41,0.96,1,2024-01-01,67
SKU-023,비프 엑기스 베이스,오일·소스,31.2,31.3,9.41,0.96,1,2024-02-01,0
SKU-023,비프 엑기스 베이스,오일·소스,31.2,31.3,9.41,0.96,1,2024-03-01,0
SKU-023,비프 엑기스 베이스,오일·소스,31.2,31.3,9.41,0.96,1,2024-04-01,0
SKU-023,비프 엑기스 베이스,오일·소스,31.2,31.3,9.41,0.96,1,2024-05-01,0
SKU-023,비프 엑기스 베이스,오일·소스,31.2,31.3,9.41,0.96,1,2024-06-01,9
SKU-023,비프 엑기스 베이스,오일·소스,31.2,31.3,9.41,0.96,1,2024-07-01,0
SKU-023,비프 엑기스 베이스,오일·소스,31.2,31.3,9.41,0.96,1,2024-08-01,32
SKU-023,비프 엑기스 베이스,오일·소스,31.2,31.3,9.41,0.96,1,2024-09-01,11
SKU-023,비프 엑기스 베이스,오일·소스,31.2,31.3,9.41,0.96,1,2024-10-01,61
SKU-023,비프 엑기스 베이스,오일·소스,31.2,31.3,9.41,0.96,1,2024-11-01,64
SKU-023,비프 엑기스 베이스,오일·소스,31.2,31.3,9.41,0.96,1,2024-12-01,50
SKU-023,비프 엑기스 베이스,오일·소스,31.2,31.3,9.41,0.96,1,2025-01-01,10
SKU-023,비프 엑기스 베이스,오일·소스,31.2,31.3,9.41,0.96,1,2025-02-01,227
SKU-023,비프 엑기스 베이스,오일·소스,31.2,31.3,9.41,0.96,1,2025-03-01,11
SKU-023,비프 엑기스 베이스,오일·소스,31.2,31.3,9.41,0.96,1,2025-04-01,39
SKU-023,비프 엑기스 베이스,오일·소스,31.2,31.3,9.41,0.96,1,2025-05-01,0
SKU-023,비프 엑기스 베이스,오일·소스,31.2,31.3,9.41,0.96,1,2025-06-01,18
SKU-023,비프 엑기스 베이스,오일·소스,31.2,31.3,9.41,0.96,1,2025-07-01,24
SKU-023,비프 엑기스 베이스,오일·소스,31.2,31.3,9.41,0.96,1,2025-08-01,3
SKU-023,비프 엑기스 베이스,오일·소스,31.2,31.3,9.41,0.96,1,2025-09-01,21
SKU-023,비프 엑기스 베이스,오일·소스,31.2,31.3,9.41,0.96,1,2025-10-01,15
SKU-023,비프 엑기스 베이스,오일·소스,31.2,31.3,9.41,0.96,1,2025-11-01,0
SKU-023,비프 엑기스 베이스,오일·소스,31.2,31.3,9.41,0.96,1,2025-12-01,18
SKU-024,옥수수 전분,견과·곡물,68.9,39.46,8.81,0.96,1,2024-01-01,8
SKU-024,옥수수 전분,견과·곡물,68.9,39.46,8.81,0.96,1,2024-02-01,11
SKU-024,옥수수 전분,견과·곡물,68.9,39.46,8.81,0.96,1,2024-03-01,13
SKU-024,옥수수 전분,견과·곡물,68.9,39.46,8.81,0.96,1,2024-04-01,14
SKU-024,옥수수 전분,견과·곡물,68.9,39.46,8.81,0.96,1,2024-05-01,14
SKU-024,옥수수 전분,견과·곡물,68.9,39.46,8.81,0.96,1,2024-06-01,14
SKU-024,옥수수 전분,견과·곡물,68.9,39.46,8.81,0.96,1,2024-07-01,12
SKU-024,옥수수 전분,견과·곡물,68.9,39.46,8.81,0.96,1,2024-08-01,10
SKU-024,옥수수 전분,견과·곡물,68.9,39.46,8.81,0.96,1,2024-09-01,10
SKU-024,옥수수 전분,견과·곡물,68.9,39.46,8.81,0.96,1,2024-10-01,7
SKU-024,옥수수 전분,견과·곡물,68.9,39.46,8.81,0.96,1,2024-11-01,7
SKU-024,옥수수 전분,견과·곡물,68.9,39.46,8.81,0.96,1,2024-12-01,8
SKU-024,옥수수 전분,견과·곡물,68.9,39.46,8.81,0.96,1,2025-01-01,9
SKU-024,옥수수 전분,견과·곡물,68.9,39.46,8.81,0.96,1,2025-02-01,10
SKU-024,옥수수 전분,견과·곡물,68.9,39.46,8.81,0.96,1,2025-03-01,13
SKU-024,옥수수 전분,견과·곡물,68.9,39.46,8.81,0.96,1,2025-04-01,14
SKU-024,옥수수 전분,견과·곡물,68.9,39.46,8.81,0.96,1,2025-05-01,15
SKU-024,옥수수 전분,견과·곡물,68.9,39.46,8.81,0.96,1,2025-06-01,14
SKU-024,옥수수 전분,견과·곡물,68.9,39.46,8.81,0.96,1,2025-07-01,12
SKU-024,옥수수 전분,견과·곡물,68.9,39.46,8.81,0.96,1,2025-08-01,11
SKU-024,옥수수 전분,견과·곡물,68.9,39.46,8.81,0.96,1,2025-09-01,8
SKU-024,옥수수 전분,견과·곡물,68.9,39.46,8.81,0.96,1,2025-10-01,8
SKU-024,옥수수 전분,견과·곡물,68.9,39.46,8.81,0.96,1,2025-11-01,6
SKU-024,옥수수 전분,견과·곡물,68.9,39.46,8.81,0.96,1,2025-12-01,8
SKU-025,바질 페스토 원료,조미원료,50.05,37.66,9.81,0.96,2,2024-01-01,15
SKU-025,바질 페스토 원료,조미원료,50.05,37.66,9.81,0.96,2,2024-02-01,18
SKU-025,바질 페스토 원료,조미원료,50.05,37.66,9.81,0.96,2,2024-03-01,18
SKU-025,바질 페스토 원료,조미원료,50.05,37.66,9.81,0.96,2,2024-04-01,20
SKU-025,바질 페스토 원료,조미원료,50.05,37.66,9.81,0.96,2,2024-05-01,15
SKU-025,바질 페스토 원료,조미원료,50.05,37.66,9.81,0.96,2,2024-06-01,14
SKU-025,바질 페스토 원료,조미원료,50.05,37.66,9.81,0.96,2,2024-07-01,11
SKU-025,바질 페스토 원료,조미원료,50.05,37.66,9.81,0.96,2,2024-08-01,8
SKU-025,바질 페스토 원료,조미원료,50.05,37.66,9.81,0.96,2,2024-09-01,12
SKU-025,바질 페스토 원료,조미원료,50.05,37.66,9.81,0.96,2,2024-10-01,12
SKU-025,바질 페스토 원료,조미원료,50.05,37.66,9.81,0.96,2,2024-11-01,12
SKU-025,바질 페스토 원료,조미원료,50.05,37.66,9.81,0.96,2,2024-12-01,14
SKU-025,바질 페스토 원료,조미원료,50.05,37.66,9.81,0.96,2,2025-01-01,16
SKU-025,바질 페스토 원료,조미원료,50.05,37.66,9.81,0.96,2,2025-02-01,21
SKU-025,바질 페스토 원료,조미원료,50.05,37.66,9.81,0.96,2,2025-03-01,24
SKU-025,바질 페스토 원료,조미원료,50.05,37.66,9.81,0.96,2,2025-04-01,22
SKU-025,바질 페스토 원료,조미원료,50.05,37.66,9.81,0.96,2,2025-05-01,15
SKU-025,바질 페스토 원료,조미원료,50.05,37.66,9.81,0.96,2,2025-06-01,13
SKU-025,바질 페스토 원료,조미원료,50.05,37.66,9.81,0.96,2,2025-07-01,11
SKU-025,바질 페스토 원료,조미원료,50.05,37.66,9.81,0.96,2,2025-08-01,13
SKU-025,바질 페스토 원료,조미원료,50.05,37.66,9.81,0.96,2,2025-09-01,11
SKU-025,바질 페스토 원료,조미원료,50.05,37.66,9.81,0.96,2,2025-10-01,12
SKU-025,바질 페스토 원료,조미원료,50.05,37.66,9.81,0.96,2,2025-11-01,10
SKU-025,바질 페스토 원료,조미원료,50.05,37.66,9.81,0.96,2,2025-12-01,15
SKU-026,캐슈넛 분태,냉동식품,16.9,36.12,8.76,0.96,3,2024-01-01,112
SKU-026,캐슈넛 분태,냉동식품,16.9,36.12,8.76,0.96,3,2024-02-01,41
SKU-026,캐슈넛 분태,냉동식품,16.9,36.12,8.76,0.96,3,2024-03-01,0
SKU-026,캐슈넛 분태,냉동식품,16.9,36.12,8.76,0.96,3,2024-04-01,33
SKU-026,캐슈넛 분태,냉동식품,16.9,36.12,8.76,0.96,3,2024-05-01,0
SKU-026,캐슈넛 분태,냉동식품,16.9,36.12,8.76,0.96,3,2024-06-01,65
SKU-026,캐슈넛 분태,냉동식품,16.9,36.12,8.76,0.96,3,2024-07-01,26
SKU-026,캐슈넛 분태,냉동식품,16.9,36.12,8.76,0.96,3,2024-08-01,26
SKU-026,캐슈넛 분태,냉동식품,16.9,36.12,8.76,0.96,3,2024-09-01,16
SKU-026,캐슈넛 분태,냉동식품,16.9,36.12,8.76,0.96,3,2024-10-01,0
SKU-026,캐슈넛 분태,냉동식품,16.9,36.12,8.76,0.96,3,2024-11-01,31
SKU-026,캐슈넛 분태,냉동식품,16.9,36.12,8.76,0.96,3,2024-12-01,0
SKU-026,캐슈넛 분태,냉동식품,16.9,36.12,8.76,0.96,3,2025-01-01,16
SKU-026,캐슈넛 분태,냉동식품,16.9,36.12,8.76,0.96,3,2025-02-01,16
SKU-026,캐슈넛 분태,냉동식품,16.9,36.12,8.76,0.96,3,2025-03-01,52
SKU-026,캐슈넛 분태,냉동식품,16.9,36.12,8.76,0.96,3,2025-04-01,0
SKU-026,캐슈넛 분태,냉동식품,16.9,36.12,8.76,0.96,3,2025-05-01,0
SKU-026,캐슈넛 분태,냉동식품,16.9,36.12,8.76,0.96,3,2025-06-01,0
SKU-026,캐슈넛 분태,냉동식품,16.9,36.12,8.76,0.96,3,2025-07-01,0
SKU-026,캐슈넛 분태,냉동식품,16.9,36.12,8.76,0.96,3,2025-08-01,13
SKU-026,캐슈넛 분태,냉동식품,16.9,36.12,8.76,0.96,3,2025-09-01,0
SKU-026,캐슈넛 분태,냉동식품,16.9,36.12,8.76,0.96,3,2025-10-01,22
SKU-026,캐슈넛 분태,냉동식품,16.9,36.12,8.76,0.96,3,2025-11-01,0
SKU-026,캐슈넛 분태,냉동식품,16.9,36.12,8.76,0.96,3,2025-12-01,0
SKU-027,고추장 베이스,분말원료,68.25,37.42,9.75,0.96,1,2024-01-01,9
SKU-027,고추장 베이스,분말원료,68.25,37.42,9.75,0.96,1,2024-02-01,11
SKU-027,고추장 베이스,분말원료,68.25,37.42,9.75,0.96,1,2024-03-01,13
SKU-027,고추장 베이스,분말원료,68.25,37.42,9.75,0.96,1,2024-04-01,14
SKU-027,고추장 베이스,분말원료,68.25,37.42,9.75,0.96,1,2024-05-01,15
SKU-027,고추장 베이스,분말원료,68.25,37.42,9.75,0.96,1,2024-06-01,13
SKU-027,고추장 베이스,분말원료,68.25,37.42,9.75,0.96,1,2024-07-01,13
SKU-027,고추장 베이스,분말원료,68.25,37.42,9.75,0.96,1,2024-08-01,11
SKU-027,고추장 베이스,분말원료,68.25,37.42,9.75,0.96,1,2024-09-01,9
SKU-027,고추장 베이스,분말원료,68.25,37.42,9.75,0.96,1,2024-10-01,8
SKU-027,고추장 베이스,분말원료,68.25,37.42,9.75,0.96,1,2024-11-01,7
SKU-027,고추장 베이스,분말원료,68.25,37.42,9.75,0.96,1,2024-12-01,7
SKU-027,고추장 베이스,분말원료,68.25,37.42,9.75,0.96,1,2025-01-01,8
SKU-027,고추장 베이스,분말원료,68.25,37.42,9.75,0.96,1,2025-02-01,11
SKU-027,고추장 베이스,분말원료,68.25,37.42,9.75,0.96,1,2025-03-01,12
SKU-027,고추장 베이스,분말원료,68.25,37.42,9.75,0.96,1,2025-04-01,12
SKU-027,고추장 베이스,분말원료,68.25,37.42,9.75,0.96,1,2025-05-01,12
SKU-027,고추장 베이스,분말원료,68.25,37.42,9.75,0.96,1,2025-06-01,13
SKU-027,고추장 베이스,분말원료,68.25,37.42,9.75,0.96,1,2025-07-01,12
SKU-027,고추장 베이스,분말원료,68.25,37.42,9.75,0.96,1,2025-08-01,11
SKU-027,고추장 베이스,분말원료,68.25,37.42,9.75,0.96,1,2025-09-01,8
SKU-027,고추장 베이스,분말원료,68.25,37.42,9.75,0.96,1,2025-10-01,8
SKU-027,고추장 베이스,분말원료,68.25,37.42,9.75,0.96,1,2025-11-01,8
SKU-027,고추장 베이스,분말원료,68.25,37.42,9.75,0.96,1,2025-12-01,6
SKU-028,감자 플레이크,오일·소스,20.15,36.79,8.23,0.96,5,2024-01-01,24
SKU-028,감자 플레이크,오일·소스,20.15,36.79,8.23,0.96,5,2024-02-01,29
SKU-028,감자 플레이크,오일·소스,20.15,36.79,8.23,0.96,5,2024-03-01,26
SKU-028,감자 플레이크,오일·소스,20.15,36.79,8.23,0.96,5,2024-04-01,35
SKU-028,감자 플레이크,오일·소스,20.15,36.79,8.23,0.96,5,2024-05-01,30
SKU-028,감자 플레이크,오일·소스,20.15,36.79,8.23,0.96,5,2024-06-01,26
SKU-028,감자 플레이크,오일·소스,20.15,36.79,8.23,0.96,5,2024-07-01,42
SKU-028,감자 플레이크,오일·소스,20.15,36.79,8.23,0.96,5,2024-08-01,44
SKU-028,감자 플레이크,오일·소스,20.15,36.79,8.23,0.96,5,2024-09-01,37
SKU-028,감자 플레이크,오일·소스,20.15,36.79,8.23,0.96,5,2024-10-01,32
SKU-028,감자 플레이크,오일·소스,20.15,36.79,8.23,0.96,5,2024-11-01,28
SKU-028,감자 플레이크,오일·소스,20.15,36.79,8.23,0.96,5,2024-12-01,26
SKU-028,감자 플레이크,오일·소스,20.15,36.79,8.23,0.96,5,2025-01-01,24
SKU-028,감자 플레이크,오일·소스,20.15,36.79,8.23,0.96,5,2025-02-01,21
SKU-028,감자 플레이크,오일·소스,20.15,36.79,8.23,0.96,5,2025-03-01,25
SKU-028,감자 플레이크,오일·소스,20.15,36.79,8.23,0.96,5,2025-04-01,22
SKU-028,감자 플레이크,오일·소스,20.15,36.79,8.23,0.96,5,2025-05-01,30
SKU-028,감자 플레이크,오일·소스,20.15,36.79,8.23,0.96,5,2025-06-01,38
SKU-028,감자 플레이크,오일·소스,20.15,36.79,8.23,0.96,5,2025-07-01,39
SKU-028,감자 플레이크,오일·소스,20.15,36.79,8.23,0.96,5,2025-08-01,34
SKU-028,감자 플레이크,오일·소스,20.15,36.79,8.23,0.96,5,2025-09-01,37
SKU-028,감자 플레이크,오일·소스,20.15,36.79,8.23,0.96,5,2025-10-01,31
SKU-028,감자 플레이크,오일·소스,20.15,36.79,8.23,0.96,5,2025-11-01,34
SKU-028,감자 플레이크,오일·소스,20.15,36.79,8.23,0.96,5,2025-12-01,26
SKU-029,해조 칼슘 분말,견과·곡물,73.45,36.31,8.24,0.96,1,2024-01-01,0
SKU-029,해조 칼슘 분말,견과·곡물,73.45,36.31,8.24,0.96,1,2024-02-01,23
SKU-029,해조 칼슘 분말,견과·곡물,73.45,36.31,8.24,0.96,1,2024-03-01,29
SKU-029,해조 칼슘 분말,견과·곡물,73.45,36.31,8.24,0.96,1,2024-04-01,10
SKU-029,해조 칼슘 분말,견과·곡물,73.45,36.31,8.24,0.96,1,2024-05-01,0
SKU-029,해조 칼슘 분말,견과·곡물,73.45,36.31,8.24,0.96,1,2024-06-01,4
SKU-029,해조 칼슘 분말,견과·곡물,73.45,36.31,8.24,0.96,1,2024-07-01,6
SKU-029,해조 칼슘 분말,견과·곡물,73.45,36.31,8.24,0.96,1,2024-08-01,0
SKU-029,해조 칼슘 분말,견과·곡물,73.45,36.31,8.24,0.96,1,2024-09-01,10
SKU-029,해조 칼슘 분말,견과·곡물,73.45,36.31,8.24,0.96,1,2024-10-01,0
SKU-029,해조 칼슘 분말,견과·곡물,73.45,36.31,8.24,0.96,1,2024-11-01,3
SKU-029,해조 칼슘 분말,견과·곡물,73.45,36.31,8.24,0.96,1,2024-12-01,0
SKU-029,해조 칼슘 분말,견과·곡물,73.45,36.31,8.24,0.96,1,2025-01-01,11
SKU-029,해조 칼슘 분말,견과·곡물,73.45,36.31,8.24,0.96,1,2025-02-01,24
SKU-029,해조 칼슘 분말,견과·곡물,73.45,36.31,8.24,0.96,1,2025-03-01,7
SKU-029,해조 칼슘 분말,견과·곡물,73.45,36.31,8.24,0.96,1,2025-04-01,9
SKU-029,해조 칼슘 분말,견과·곡물,73.45,36.31,8.24,0.96,1,2025-05-01,4
SKU-029,해조 칼슘 분말,견과·곡물,73.45,36.31,8.24,0.96,1,2025-06-01,10
SKU-029,해조 칼슘 분말,견과·곡물,73.45,36.31,8.24,0.96,1,2025-07-01,1
SKU-029,해조 칼슘 분말,견과·곡물,73.45,36.31,8.24,0.96,1,2025-08-01,0
SKU-029,해조 칼슘 분말,견과·곡물,73.45,36.31,8.24,0.96,1,2025-09-01,16
SKU-029,해조 칼슘 분말,견과·곡물,73.45,36.31,8.24,0.96,1,2025-10-01,0
SKU-029,해조 칼슘 분말,견과·곡물,73.45,36.31,8.24,0.96,1,2025-11-01,0
SKU-029,해조 칼슘 분말,견과·곡물,73.45,36.31,8.24,0.96,1,2025-12-01,3
SKU-030,냉동 아보카도 퓨레,조미원료,33.15,39.94,10.03,0.96,1,2024-01-01,18
SKU-030,냉동 아보카도 퓨레,조미원료,33.15,39.94,10.03,0.96,1,2024-02-01,20
SKU-030,냉동 아보카도 퓨레,조미원료,33.15,39.94,10.03,0.96,1,2024-03-01,24
SKU-030,냉동 아보카도 퓨레,조미원료,33.15,39.94,10.03,0.96,1,2024-04-01,27
SKU-030,냉동 아보카도 퓨레,조미원료,33.15,39.94,10.03,0.96,1,2024-05-01,26
SKU-030,냉동 아보카도 퓨레,조미원료,33.15,39.94,10.03,0.96,1,2024-06-01,25
SKU-030,냉동 아보카도 퓨레,조미원료,33.15,39.94,10.03,0.96,1,2024-07-01,24
SKU-030,냉동 아보카도 퓨레,조미원료,33.15,39.94,10.03,0.96,1,2024-08-01,22
SKU-030,냉동 아보카도 퓨레,조미원료,33.15,39.94,10.03,0.96,1,2024-09-01,16
SKU-030,냉동 아보카도 퓨레,조미원료,33.15,39.94,10.03,0.96,1,2024-10-01,14
SKU-030,냉동 아보카도 퓨레,조미원료,33.15,39.94,10.03,0.96,1,2024-11-01,13
SKU-030,냉동 아보카도 퓨레,조미원료,33.15,39.94,10.03,0.96,1,2024-12-01,15
SKU-030,냉동 아보카도 퓨레,조미원료,33.15,39.94,10.03,0.96,1,2025-01-01,17
SKU-030,냉동 아보카도 퓨레,조미원료,33.15,39.94,10.03,0.96,1,2025-02-01,18
SKU-030,냉동 아보카도 퓨레,조미원료,33.15,39.94,10.03,0.96,1,2025-03-01,24
SKU-030,냉동 아보카도 퓨레,조미원료,33.15,39.94,10.03,0.96,1,2025-04-01,27
SKU-030,냉동 아보카도 퓨레,조미원료,33.15,39.94,10.03,0.96,1,2025-05-01,30
SKU-030,냉동 아보카도 퓨레,조미원료,33.15,39.94,10.03,0.96,1,2025-06-01,26
SKU-030,냉동 아보카도 퓨레,조미원료,33.15,39.94,10.03,0.96,1,2025-07-01,25
SKU-030,냉동 아보카도 퓨레,조미원료,33.15,39.94,10.03,0.96,1,2025-08-01,18
SKU-030,냉동 아보카도 퓨레,조미원료,33.15,39.94,10.03,0.96,1,2025-09-01,15
SKU-030,냉동 아보카도 퓨레,조미원료,33.15,39.94,10.03,0.96,1,2025-10-01,14
SKU-030,냉동 아보카도 퓨레,조미원료,33.15,39.94,10.03,0.96,1,2025-11-01,12
SKU-030,냉동 아보카도 퓨레,조미원료,33.15,39.94,10.03,0.96,1,2025-12-01,15
